{"precision": 0.6296743063932448, "recall": 0.8773109243697479, "f1": 0.7331460674157303}