{"precision": 0.7514409221902018, "recall": 0.8764705882352941, "f1": 0.809154383242824}